Key,Arabic,French,English
start_adventure,فلنبدأ المغامرة! , Commençons l'aventure! , Let's start the adventure!
login,تسجيل الدخول,Connexion,Sign in
login_with_google,تسجيل الدخول باستخدام Google,Se connecter avec Google,Sign in with Google
or,أو,ou,or
mobile_number_prompt,ماهو رقم هاتفك الجوال؟,Quel est votred numéro de téléphone?,What is your mobile phone number?
phone_number_placeholder,رقم الهاتف,Numéro de téléphone,Phone number
privacy_policy_consent,بتسجيلك أنت توافق على >/color< سياسة الخصوصية >color=red<, >/color< la politique de confidentialité >color=red< En t’inscrivant tu acceptes,>/color< the privacy policy >color=red< By signing up you agree to 
privacy_policy_title,مبادئ الخصوصية,Principes de confidentialité,Privacy Policies
privacy_policy_content,"تقوم سياسة الخصوصية الخاصة بنا على المبادئ التالية. لك الحرية في الاشتراك بأي نشاط على منصاتنا يتضمن تقديمك لمعلومات شخصية، مثل اسمك، أو بريدك الإلكتروني، أو رقم هاتفك أو أي معلومات يمكن استخدامها لتحديد أو الاتصال بأي فرد سواء عبر الإنترنت أو خارجه. سوف نقوم صراحة بطلب هذا النوع من المعلومات منك. علماً بأن جزء من الأنشطة على منصتنا لا تتطلب إرسال أي معلومات شخصية. (عندما نطلب منكم تقديم معلومات شخصية، سوف نقوم أثناء عملية التسجيل أو جمع البيانات بشرح الكيفية التي سوف نستخدم فيها هذه المعلومات (مثل طلب عنوان البريد إلكتروني عند التسجيل للحصول على نشرة بريدية). و سوف نقوم باستخدام هذه المعلومات فقط بالطريقة التي بيناها، باستثناء الظروف الخاصة التي سيتم شرحها لاحقا( مثل تلك التي تتعلق بتطبيق القانون أو نقل الأعمال. نحن نستخدم المعلومات المجهولة التي يتم جمعها تلقائياً من الجهاز الخاص بك، مثل عنوان “بروتوكول الإنترنت” الخاص بالكمبيوتر، ومعرف الجهاز المحمول، ونظام التشغيل أو الموقع العام مثل الرمز البريدي، لدعم العمليات الداخلية بحيث يمكننا أن نفهم، ونرصد استخدام منصاتنا ونقوم بتحسين تلك المنصات. لا تتضمن منصاتنا أي إعلانات قائمة على سلوك المستخدم؛ مما يعني أنك لن ترى أي إعلان يستهدفك بناءً على نشاطك على منصاتنا أو على مواقع و تطبيقات أخرى. تعتبر الأطراف الثالثة التي تقوم بالمساعدة في المنصات ملزمة باتباع “سياسة الخصوصية” هذه. خاص للأطفال تحت سن 13. سنقوم بالحصول على موافقة الوالدين قبل طلب المعلومات الشخصية على منصاتنا الخاصة بالأطفال، ما لم يكن طلب المعلومات يندرج تحت استثناء مسموح به في قانون حماية خصوصية الأطفال COPPA. نطالب بالوصول إلى الكاميرا لعرض تقنية الواقع المعزز. نطالب بالوصول إلى الإخطار Notification لإعلام المستخدم بالأخبار الجديدة. لا نتيح المعلومات الشخصية التي نجمعها من الأطفال بشكل علني ولا نمكن الأطفال من القيام بذلك على منصاتنا. كما أننا لن نشترط مقابل مشاركة طفل في أي نشاط أو خدمة، الإفصاح عن معلومات شخصية أكثر مما هو ضروري بشكل معقول للمشاركة بأي نشاط. يمكن للأهالي الاتصال بنا من خلال (contact@Feridaroundtheworld.com) لمراجعة أو تحديث أو إلغاء أي من معلومات أطفالهم الشخصية التي قد نكون جمعناها،أو لإخبارنا بعدم جمع أي معلومات إضافية من أطفالهم. سوف نقوم بتحديث سياسة الخصوصية هذه من وقت لآخر بنشر سياسة الخصوصية المحدثة عبر الإنترنت. لن نقوم بتغيير كيفية التعامل مع المعلومات التي تم جمعها مسبقاً دون إشعار الأهالي والحصول على موافقتهما عند الضرورة.","Notre politique de confidentialité repose sur les principes suivants. Vous êtes libre de participer à toute activité sur nos plateformes impliquant la fourniture d’informations personnelles, telles que votre nom, votre e-mail, votre numéro de téléphone ou toute information pouvant être utilisée pour identifier ou contacter toute personne, en ligne ou hors ligne. Nous demanderons explicitement ce type d’information. Certaines activités sur notre plateforme ne nécessitent pas l’envoi d’informations personnelles. Lorsque nous demandons des informations personnelles, nous expliquons lors de l’inscription ou de la collecte de données comment nous utiliserons ces informations (par exemple, demander une adresse e-mail pour s’inscrire à une newsletter). Nous utiliserons ces informations uniquement de la manière indiquée, sauf dans des circonstances particulières qui seront expliquées plus tard (telles que l’application de la loi ou le transfert d’entreprise). Nous utilisons les informations anonymes collectées automatiquement depuis votre appareil, telles que l’adresse IP, l’identifiant de l’appareil mobile, le système d’exploitation ou la localisation générale comme le code postal, pour soutenir nos opérations internes afin de comprendre, surveiller et améliorer nos plateformes. Nos plateformes ne contiennent aucune publicité basée sur le comportement des utilisateurs ; cela signifie que vous ne verrez aucune publicité ciblée en fonction de votre activité sur nos plateformes ou sur d’autres sites et applications. Les tiers qui assistent sur les plateformes sont tenus de suivre cette politique de confidentialité. Spécialement pour les enfants de moins de 13 ans : nous obtiendrons le consentement des parents avant de demander des informations personnelles sur nos plateformes destinées aux enfants, sauf si la demande est couverte par une exception permise par la loi COPPA. Nous demandons l’accès à la caméra pour afficher la réalité augmentée. Nous demandons l’accès aux notifications pour informer l’utilisateur des nouvelles. Nous ne rendons pas publiques les informations personnelles collectées auprès des enfants et ne permettons pas aux enfants de le faire sur nos plateformes. Nous ne conditionnons pas la participation d’un enfant à une activité ou un service à la divulgation d’informations personnelles plus que ce qui est raisonnablement nécessaire. Les parents peuvent nous contacter via (contact@Feridaroundtheworld.com) pour examiner, mettre à jour ou supprimer les informations personnelles de leurs enfants ou pour nous informer de ne pas collecter d’informations supplémentaires auprès de leurs enfants. Nous mettrons à jour cette politique de confidentialité de temps à autre en publiant la version mise à jour en ligne. Nous ne modifierons pas la manière dont les informations précédemment collectées sont traitées sans notifier les parents et obtenir leur consentement si nécessaire.","Our privacy policy is based on the following principles. You are free to participate in any activity on our platforms involving providing personal information, such as your name, email, phone number, or any information that can be used to identify or contact any individual online or offline. We will explicitly request this type of information. Note that some activities on our platform do not require submitting any personal information. When we request personal information, we explain during registration or data collection how we will use this information (for example, requesting an email address when signing up for a newsletter). We will use this information only in the manner we have outlined, except in special circumstances that will be explained later (such as those related to law enforcement or business transfers). We use anonymous information collected automatically from your device, such as your computer's IP address, mobile device ID, operating system, or general location like zip code, to support internal operations so that we can understand, monitor, and improve our platforms. Our platforms do not include any user behavior-based advertising; this means you will not see any ad targeting based on your activity on our platforms or other sites and apps. Third parties assisting on the platforms are required to follow this privacy policy. Special for children under 13: We will obtain parental consent before requesting personal information on our child-specific platforms unless the request falls under an exception allowed by COPPA. We request access to the camera to display augmented reality. We request access to notifications to inform the user of new updates. We do not make personal information collected from children public, nor do we allow children to do so on our platforms. We will not require more personal information than reasonably necessary for a child to participate in any activity or service. Parents can contact us at (contact@Feridaroundtheworld.com) to review, update, or delete any personal information about their children we may have collected, or to inform us not to collect any additional information from their children. We will update this privacy policy from time to time by publishing the updated privacy policy online. We will not change how previously collected information is handled without notifying parents and obtaining their consent when necessary."
automatic_data_collection,"المعلومات التي نقوم بجمعها تلقائياً","Les informations que nous collectons automatiquement","The information we collect automatically"
automatic_data_collection_content,"نستخدم المعلومات المجهولة التي يتم جمعها تلقائياً لدعم العمليات الداخلية للمنصات. ويتم جمع بعض هذه المعلومات من خلال الأدوات التحليلية لطرف ثالث. وتشمل العمليات الداخلية ما يلي: رصد بعض المؤشرات مثل العدد الإجمالي للزوار وحركة المرور؛ معرفة الأنشطة والخدمات الأكثر شعبية؛ الانشطة الاكثر شعبية في منصتنا؛ الوقت اللازم للاجابة على التمارين المدرسية و عدد تكرار الاخطاء. يتم تشغيل منصة فريد حول العالم من قبل فريق Horizon Education ، ومقرها تونس،رقم الهاتف 0021631145451 ، البريد الالكتروني:contact@Feridaroundtheworld.com","Nous utilisons les informations anonymes collectées automatiquement pour soutenir les opérations internes des plateformes. Certaines de ces informations sont collectées via des outils analytiques tiers. Les opérations internes incluent : le suivi de certains indicateurs tels que le nombre total de visiteurs et le trafic ; la connaissance des activités et services les plus populaires ; les activités les plus populaires sur notre plateforme ; le temps nécessaire pour répondre aux devoirs et le nombre de répétitions des erreurs. La plateforme Ferid Around the World est exploitée par l'équipe Horizon Education, basée en Tunisie, téléphone 0021631145451, email : contact@Feridaroundtheworld.com","We use anonymous information collected automatically to support internal platform operations. Some of this information is collected through third-party analytics tools. Internal operations include: monitoring certain metrics such as total visitors and traffic; identifying the most popular activities and services; the most popular activities on our platform; the time required to complete homework and the frequency of errors. The Ferid Around the World platform is operated by the Horizon Education team, based in Tunisia, phone 0021631145451, email: contact@Feridaroundtheworld.com"
welcome_parent,أهلا بك عزيزي الولي,Bienvenue cher parent,Welcome dear parent
parent_name,"إسم الأب أو الأم","Nom du père ou de la mère","Parent's name"
first_name,الاسم,Prénom,Name
male,ذكر,Masculin,Male
female,أنثى,Féminin,Female
birth_date,تاريخ الولادة,Date de naissance,Birth date
january,جانفي,Janvier,January
february,فيفري,Février,February
march,مارس,Mars,March
april,أفريل,Avril,April
may,ماي,Mai,May
june,جوان,Juin,June
july,جويلية,Juillet,July
august,أوت,Août,August
september,سبتمبر,Septembre,September
october,أكتوبر,Octobre,October
november,نوفمبر,Novembre,November
december,ديسمبر,Décembre,December
accept,موافق,Accepter,Accept
enter_kid_intro,"ممتاز, فلنتعرف على طفلك!","Excellent, let's get to know your child!","Excellent, let's get to know your child!"
last_name,اللقب,Nom,Last name
choose_Ferid_uniform,"أختار زيّ فريد","Choisir l'uniforme de Ferid","Choose Ferid uniform"
premium_account,"هذا الحساب مميز","Ce compte est premium","This account is premium"
notification,إشعار,Notification,Notification
phone_number_verification,الرّجاء التّأكّد من صحّة رقم الهاتف,Veuillez vérifier l'exactitude du numéro de téléphone,Please verify the phone number's accuracy
agree,موافق,D'accord,Agree
Ferid_verification_code_prompt,الرّجاء إدخال رمز التّثبّت لفريد حول العالم,Veuillez entrer le code de vérification pour Ferid Around the World,Please enter the verification code for Ferid Around the World
verification_code,رمز التّثبّت,Code de vérification,Verification code
verification_code_sent,لقد أرسلنا لك رمز التثّبت,Nous vous avons envoyé le code de vérification,We have sent you the verification code
resend_code,أرسل الرّمز من جديد,Renvoyer le code,Resend the code
enter_code,قم بإدخال الرمز,Veuillez entrer le code,Please enter the code
verify_code,التثبّت من الرّمز,Vérifier le code,Verify the code
delete_game_confirmation,"هل تريد حذف اللّعبة؟","Voulez-vous supprimer le jeu?","Do you want to delete the game?"
confirm_action,"هل أنت متأكد؟","Êtes-vous sûr?","Are you sure?"
yes,"نعم","Oui","Yes"
no,"لا","Non","No"
content_in_development_warning,"هذا المحتوى لا يزال قيد التطوير وقد يحتوي على بعض الأخطاء التقنية.هل تريد المتابعة؟","Ce contenu est encore en cours de développement et peut contenir certaines erreurs techniques.Voulez-vous continuer?","This content is still under development and may contain some technical issues.Do you want to continue?"
parent_space,"فضاء الأولياء","Espace parents","Parent space"
enter_correct_answer_prompt,"للاستمرار، الرجاء ادخال الإجابة الصحيحة","Pour continuer, veuillez entrer la bonne réponse","To continue, please enter the correct answer"
exclusive_content_warning,"هذا المحتوى حصري لمشتركي تطبيقة فريد!","Ce contenu est exclusif aux abonnés de l'application Ferid!","This content is exclusive to Ferid app subscribers!"
exclusive_content_warning,"هذا المحتوى حصري لمشتركي تطبيقة فريد!","Ce contenu est exclusif aux abonnés de l'application Ferid!","This content is exclusive to Ferid app subscribers!"
start_now,"ابدأ الآن","Commencer maintenant","Start now"
technical_issues_warning,"لدينا بعض المشاكل الفنية، نود أن نطلب منك الصبر والتحقق مرة أخرى من التطبيق لاحقًا.","Nous rencontrons quelques problèmes techniques, nous vous demandons de patienter et de vérifier l'application plus tard.","We are experiencing some technical issues,we ask for your patience and to check the app again later."
update,"تحديث","Mise à jour","Update"
update_app_required,"الرّجَاءْ تَحْدِيث التّطْبِيق قَبْلَ الإِسْتَعْمَال","Veuillez mettre à jour l'application avant utilisation","Please update the app before use"
notice,"تنويه","Avis","Notice"
account_logged_on_another_device,"هَذا الحِساب مُسَجّل من جِهاز آخر.للإستمرَار يُرجى تسجِيلُ الخُروج و إعادة الدّخول","Ce compte est connecté depuis un autre appareil.Pour continuer, veuillez vous déconnecter et vous reconnecter","This account is logged in from another device.To continue, please log out and log in again"
logout,"تسجيل الخروج","Déconnexion","Log out"
no_internet_connection,"لا يوجد اتصال بالإنترنت","Aucune connexion Internet","No internet connection"
offline_mode_prompt,"لن تتمكن من تنزيل محتويات جديدة.تفعيل وضع عدم الاتّصال؟","Vous ne pourrez pas télécharger de nouveaux contenus.Activer le mode hors ligne?","You will not be able to download new content.Enable offline mode?"
retry,"أعد المحاولة","Réessayer","Retry"
congratulations,"تهانينا","Félicitations","Congratulations"
you_won,"لقد ربحت","Vous avez gagné","You have won"
continue,"واصل","Continuer","Continue"
technical_issue_contact,"هناك مشكلة فنية.يُرجى مراجعة الفريق الفني لشركة فريد.\nللاتصال: 52971723","Il y a un problème technique.Veuillez contacter l'équipe technique de Ferid.\nContact: 52971723","There is a technical issue.Please contact Ferid's technical team.\nContact: 52971723"
check_internet_and_phone,"الرّجاء التّأكّد من إتّصالك بالأنترنت و صحّة رقم الهاتف","Veuillez vérifier votre connexion Internet et l'exactitude du numéro de téléphone","Please check your internet connection and phone number"
incorrect_code,"الرّمز المكتوب غير صحيح","Le code saisi est incorrect","The entered code is incorrect"
internet_error,"هناك خطأ يرجى التحقق من إتصالك بالإنترنت","Une erreur s'est produite, veuillez vérifier votre connexion Internet","An error occurred,please check your internet connection"
please_enter_message,"الرجاء إدراج رسالة","Veuillez insérer un message","Please enter a message"
messages_limit_exceeded,"لقد تجاوزت عدد الرّسائل المتاحة","Vous avez dépassé le nombre de messages disponibles","You have exceeded the number of available messages"
video_player_error,"عذرًا! هناك مشكلة في مشغل الفيديو. سيتم اعتبار الفيديو مكتملًا. نأسف لذلك!","Désolé! Il y a un problème avec le lecteur vidéo. La vidéo sera considérée comme terminée. Nous nous en excusons!","Sorry! There is an issue with the video player. The video will be considered complete. We apologize for that!"
download_error_retry,"هُناكَ خطأ في التَّحميل يُرجَى الحذف و إعادة التَّنزيل","Une erreur de téléchargement s'est produite, veuillez supprimer et retélécharger","There was an error in downloading, please delete and re-download"
subscription_error,"هُناك خطأ في الإشتراك. أرجو التّثَّبُّتَ في المعلومات المكتوبة.","Il y a une erreur dans l'abonnement. Veuillez vérifier les informations saisies.","There is an error in the subscription. Please check the entered information."
code_already_used,"هذا الرّمز قد أُستعمل سابقا","Ce code a déjà été utilisé","This code has already been used"
subscription_error,"هُناك خطأ في الإشتراك. أرجو التّثَّبُّتَ في المعلومات المكتوبة.","Il y a une erreur dans l'abonnement. Veuillez vérifier les informations saisies.","There is an error in the subscription. Please check the entered information."
coming_soon,"قريبا","Bientôt","Coming soon"
refresh_page_error,"هناك خطأ،يرجى تحديث الصفحة بالضغط على زر الرجوع","Une erreur s'est produite,veuillez actualiser la page en appuyant sur le bouton retour","An error occurred,please refresh the page by pressing the back button"
generic_error,"هناك خطأ","Il y a une erreur","There is an error"
empty,"","",""
phrase_1768557661,"أرسل رقم الهاتف","Envoyer le numéro de téléphone","Send phone number"
phrase_1768558471,"Live علي","En direct sur","Live on"
phrase_1768558519,"إلغاء","Annuler","Cancel"
phrase_1768559458,"جاري التحميل ","Chargement en cours","Loading"
phrase_1768559692,"Beta","Bêta","Beta"
phrase_1768559786,"الذّهاب إلى الخريطة","Aller à la carte","Go to the map"
phrase_1768559815,"مطلوب التحديث","Mise à jour requise","Update required"
phrase_1768559848,"عليك الوصول إلى مستوى فهد أوّلاً","Vous devez d'abord atteindre le niveau du Fehd","You must reach the level of a Fehd first"
phrase_1768559883,"اذهب إلى الرّابط","Allez au lien","Go to the link"
phrase_1768578257,"ثلاثة أيام متبقّية","Trois jours restants","Three days remaining"
phrase_1768808507,"الإعدادات","Paramètres","Settings"
phrase_1768808527,"التفضيلات","Préférences","Preferences"
phrase_1768808534,"ما الجديد","Qu'est-ce que de nouveau?","What's new?"
phrase_1768808540,"تقرير الأطفال","Rapport des enfants","Children's Report"
phrase_1768808556,"سبعة أيّام متبقّية","sept jours restants","seven days remaining"
phrase_1768810513,"سفينة فريد","le bateau de Ferid","Ferid's ship"
phrase_1768810523,"قصص و حكايات","Histoires et Contes","Stories and Tales"
phrase_1768810528,"فيديوهات","Vidéos","Videos"
phrase_1768810533,"الخريطة","La carte","The map"
phrase_1768810536,"ألعاب","Jeux","Games"
phrase_1768810539,"الان","Maintenant","Now"
phrase_1768810768,"فريد","Ferid","Ferid"
phrase_1768811828,"المحتوى المربوح","Contenu gagné","Won content"
phrase_1768811833,"حصري","Exclusif","Exclusive"
phrase_1768811844,"جديد","nouveau","new"
phrase_1768812295,"فريد يحتاج الرّاحة حتّى يتَمَكّن من الذّهاب في رحلة جديدة","Ferid a besoin de repos pour pouvoir partir en voyage nouveau","Ferid needs rest so that he can go on a new trip"
phrase_1768812323,"يمكنك لعب المستوى الّانهائي في الألعاب الفارطة في الإنتظار","Vous pouvez jouer au niveau infini dans les jeux d'attente","You can play the endless level in the waiting games"
phrase_1768812410,"أطلب تمديدا من والدايا","Demander une prolongation à mes parents","Request an extension from my parents"
phrase_1768812539,"اللّعب لفترة طويلة أمام الجهاز مضِرٌّ لأطفالكم","Jouer longtemps devant l'appareil est nocif pour vos enfants","Playing for a long time in front of the device is harmful to your children"
phrase_1768812599,"رمضان كريم","Ramadan Karim","Ramadan Kareem"
phrase_1768813428,"عُدْ غَدًا لِلْمَزِيدِ مِنْ مُحْتَوَياتِ رَمَضانَ المُشَوِّقَةِ يُمْكِنُكَ فِي الأَثْنَاء اكْتِشافُ الخَريطَةِ الأُخْرَى لِمُغامَرَةِ فَريدٍ وَ الأَصْدِقَاءِ","Vous pouvez également explorer l’autre carte pour une aventure unique de Ferid et de ses amis. Revenez demain pour encore plus de contenu captivant sur le Ramadan.","You can also explore the other map for a unique adventure of Ferid and his friends. Come back tomorrow for more exciting Ramadan content."
phrase_1768813441,"إكتشف ذكاء طفلك ","Découvrez l'intelligence de votre enfant","Discover your child's intelligence"
phrase_1768813501,"محتوى تعليمي تثقيفي موجه لتنمية الذكاءات المتعددة لطفلك معد من قبل فريق بيداغوجي مختص","Contenu éducatif visant à développer les multiples intelligences de votre enfant, préparé par une équipe pédagogique spécialisée","Educational content aimed at developing your child's multiple intelligences,prepared by a specialized pedagogical team"
phrase_1768813609,"إشترك معنا الآن!","Rejoignez-nous!","Join us!"
phrase_1768813620,"موسوعة متنقلة بين يديك","Encyclopédie à portée de main","Encyclopedia at your fingertips"
phrase_1768813696,"يكتشف طفلك معلومات جديدة باللغة العربية عن طريق موسوعتنا الثرية","Votre enfant découvre de nouvelles informations grâce à notre riche encyclopédie","Your child discovers new information through our rich encyclopedia"
phrase_1768813704,"لا إنترنت لا مشكلة","Pas d'internet pas de problème","No internet no problem"
phrase_1768813734,"يمكن لطفلك استعمال التطبيق بدون إنترنت بعد تحميل المحتوى.","Votre enfant peut utiliser l'application sans internet après avoir téléchargé le contenu.","Your child can use the app without internet after downloading the content."
phrase_1768814829,"هَذا الحِساب مُسَجّل من جِهاز آخر. للإستمرَار يُرجى تسجِيلُ الخُروج و إعادة الدّخول","Ce compte est connecté à partir d'un autre appareil. Pour continuer, veuillez vous déconnecter et vous reconnecter","This account is logged in from another device. To continue, please log out and log in again"
phrase_1768815185,"دفتر أعدادي","Mes notes","My grades"
phrase_1768815201,"تغيير الطفل","Changement d'enfant","Child change"
phrase_1768816929,"أحسنت! ازدهرت نبتتك اليوم!","Bien joué!Votre plante a prospéré aujourd'hui!","Well done!Your plant has flourished today!"
phrase_1768817108,"المتابعة","Continuer","Continue"
phrase_1768817129,"قد اضيفت إلى بستانك الجميل !","A été ajouté à votre beau jardin!","Has been added to your beautiful garden!"
phrase_1768817261,"اذهب إلى بستاني","Va dans mon jardin","Go to my garden"
monday,الاثنين,Lundi,Monday
tuesday,الثلاثاء,Mardi,Tuesday
wednesday,الأربعاء,Mercredi,Wednesday
thursday,الخميس,Jeudi,Thursday
friday,الجمعة,Vendredi,Friday
saturday,السبت,Samedi,Saturday
sunday,الأحد,Dimanche,Sunday
يوم,يوم,Jour,Day
يومان متتاليان,يومان متتاليان,"Jours consécutifs","Consecutive days"
أيام متتالية,أيام متتالية,"Jours consécutifs","Consecutive days"
يوماً متتالياً,يوماً متتالياً,"Jours consécutifs","Consecutive days"
phrase_1768895182,"مَدْرَسَتُنَا أَصْبَحَتْ أَجْمَل! اكْتَشِفْ الشَّكْل الْجَدِيد، وَتَعَرَّفْ عَلَى نِظَامٍ سَهْلِ الِاسْتِخْدَام وَأَلْعَابٍ رَائِعَةٍ جَدِيدَةٍ","Notre école est devenue plus belle!Découvrez le nouveau look,et découvrez un système facile à utiliser et de nouveaux jeux incroyables","Our school has become more beautiful!Discover the new look, and get to know an easy-to-use system and new amazing games"
phrase_1768905565,"اكْتَشِفْ الْخَرِيطَةِ الْإِسْلَامِيَّةَ! سَافِرْ عَبْرَ الزَّمَانِ وَتَعَرَّفْ عَلَى قِصَصِ الْأَنْبِيَاءِ بِطَرِيقَةٍ مُمْتِعَةٍ وَمَلِيئَةٍ بِالْمُغَامَرَاتِ!","Découvrez la carte islamique!Voyagez à travers le temps et découvrez les histoires des prophètes d'une manière amusante et remplie d'aventures!","Discover the Islamic map!Travel through time and get to know the stories of the prophets in an entertaining and adventurous way!"
phrase_1768905628,"كل يوم تفتح فيه فريد، تكبر زهرتك أكثر… لا تنسَ زيارتها يوميًّا حتى تكبر وتزهّي!","Chaque jour que vous ouvrez Ferid,votre fleur grandit davantage.N'oubliez pas de la visiter quotidiennement pour qu'elle grandisse et fleurisse!","Every day you open Ferid,your flower grows more.Don't forget to visit it daily so it grows and blooms!"
phrase_1768905719,"القائمة الجانبية الجديدة تجمع لك كل الْخِيَارَات الإضافية… افتحها واكتشف المزيد!","La nouvelle barre latérale rassemble pour vous toutes les options supplémentaires…Ouvrez-la et découvrez-en plus!","The new sidebar gathers all additional options for you…Open it and discover more!"
error_123456,"خطأ","Erreur","Error"
please_check_internet_81726,"الرّجاء التّثبّت من الأنترنت","Vérifiez la connexion Internet","Please check the internet connection"
science_123456,"العلوم","Sciences","Science"
history_124578,"التاريخ","Histoire","History"
creativity_123789,"الإبداع","Créativité","Creativity"
math_147258,"الرياضيات","Mathématiques","Mathematics"
islam_258369,"التّربية الإسلامية","Éducation islamique","Islamic education"
languages_258479,"اللّغات","Langues","Languages"
cartoon_123654,"فيديوهات","Vidéos","Videos"
education_254478,"مدرستنا","Notre école","Our School"
intelligence_458921,"الخريطة","Carte","Map"
reading_362479,"قصص و حكايات","Histoires et contes","Stories & Tales"
variety_58372,"منوّعات","Variétés","Variety"
playing_121456,"ألعاب","Jeux","Games"
phrase_1769093225,"فضاء مرح وثقافي","Espace de divertissement et de culture","Fun and Cultural Space"
phrase_1769093283,"تحصل على محتوى تعليمي لا نهائي ومتجدد دوريا من الألعاب، القصص والصور المتحركة التي تنمي قدرات طفلك بشكل إيجابي","Obtenez un contenu éducatif infini et renouvelé périodiquement à partir de jeux, d'histoires et d'animations qui développent de manière positive les capacités de votre enfant","Get endless and periodically renewed educational content from games, stories and animations that positively develop your child's abilities"
phrase_1769093291,"اضغط هنا للاشتراك","Cliquez ici pour vous abonner","Click here to subscribe"
phrase_1769093368,"تشويق وإثارة لطفلك","Excitation et enthousiasme pour votre enfant","Excitement and thrill for your child"
phrase_1769093405,"يخوض طفلك تحديات مليئة بالإنجازات والجوائز التحفيزية مع فريد وأصدقائه","Votre enfant affronte des défis remplis de réalisations et de récompenses motivantes avec Ferid et ses amis","Your child faces challenges full of achievements and motivational awards with Ferid and his friends"
phrase_1769093447,"فضاء آمن وخال من الإعلانات","Espace sûr et sans publicité","Safe and ad-free space"
phrase_1769093506,"فضاؤنا آمن وخال من الإعلانات يحرص على حماية طفلك وعدم تشتيت تركيزه","Notre espace est sûr et exempt de publicités, assurant la protection de votre enfant et n'en distrayant pas l'attention","Our space is safe and free of ads, ensuring the protection of your child and not distracting his/her focus"
phrase_1769093673,"هذا المحتوى حصري لمشتركي تطبيقة فريد!أطلب من ماما أو بابا الإشتراك لتستمتعوا ببقيّة المحتوى","Ce contenu est exclusif aux abonnés de l'application Ferid!Demandez à maman ou papa de s'abonner pour profiter du reste du contenu","This content is exclusive to Ferid app subscribers!Ask mom or dad to subscribe to enjoy the rest of the content"
phrase_1769093703,"أطلب من أبي و أمّي الإشتراك لفتح المحتوى","Je demande à mon père et à ma mère de s'abonner pour accéder au contenu","I ask my father and mother to subscribe to access the content"
phrase_1769163618,"مدرستنا الجديدة","Notre nouvelle école","Our new school"
phrase_1769165799,"رحلة ","Voyage","Journey"
phrase_1769165818,"الإيمان","de la Foi","of Faith"
phrase_1769166823,"عجلة الهدايا","Roue des Cadeaux","Wheel of Gifts"
phrase_1769168418,"الوقت المتبقي:","Temps restant:","Time remaining:"
phrase_1769169247,"أبدأ!","Lancer!","Let's start!"
one_day_147852,"يوم واحد","Un jour","One day"
two_days_remaining_458965,"يومان متبقّيان","Deux jours restants","Two days remaining"
days_102310," أيّام "," jours "," days "
day_101021," يوم "," jours "," days "
one_hour_741254,"ساعة واحدة","Une heure","One hour"
two_hours_remaining_001212,"ساعتان متبقّيتان","Deux heures restantes","Two hours remaining"
hours_140140," ساعات "," heures "," hours "
hour_000111," ساعة "," heures "," hours "
some_minutes_526541,"دقائق معدودة","Quelques minutes","A few minutes"
now_454545,"الآن","Maintenant","Now"
phrase_1769182121,"إشترك الآن","Abonnez-vous","Subscribe"
phrase_1769419961,"بستاني","Jardin","Garden"
phrase_1769420863,"الصفحة الرئسية ","Page d'accueil","Home Page"
phrase_sunflower1769509549,"نبات طويل القامة موطنه أمريكا الشمالية، تُعرف أزهاره بتتبعها لحركة الشمس خلال النهارتُستخرج منها بذور وزيت يُستخدم في الطعام.","Une plante de haute taille et originaire d'Amérique du Nord,ses fleurs sont connues pour suivre le mouvement du soleil pendant la journée.Des graines et de l'huile utilisés dans les aliments sont extraits de celle-ci.","A tall plant native to North America,its flowers are known to follow the movement of the sun during the day.Seeds and oil used in food are extracted from it."
phrase_tulip1769510029,"زهرة تنتمي لعائلة الزنبقيات، موطنها الأصلي آسيا الوسطى وتركيا، وتشتهر بألوانها الزاهية. تتفتح بعد الشتاء لتعلن قدوم الربيع! تُزرع كثيرًا في هولندا التي تُعدّ رمزها الوطني.","Une fleur appartenant à la famille des lis,originaire d'Asie centrale et de Turquie,connue pour ses couleurs vives.Elle fleurit après l'hiver pour annoncer l'arrivée du printemps!Elle est largement cultivée aux Pays-Bas,qui est considérée comme son symbole national.","A flower belonging to the lily family,native to Central Asia and Turkey,known for its vibrant colors.It blooms after winter to announce the arrival of spring!It is widely cultivated in the Netherlands,which is considered its national symbol."
phrase_rose1769510873,"ملكة الأزهار بعطرها الرائع! ورمز الحب واللطف والمودّة والعطاء في كل العالم! الأصلية من آسيا، وهناك أكثر من 300 نوع منها بألوان مختلفة","La reine des fleurs avec son parfum merveilleux!Et un symbole de l'amour,de la gentillesse,de l'affection et du don dans le monde entier!Originaire d'Asie,et il existe plus de 300 sortes de fleurs de différentes couleurs","The queen of flowers with its wonderful fragrance!And a symbol of love,kindness,affection,and giving all over the world!Originally from Asia,and there are over 300 types of it in different colors"
phrase_daisy1769511117,"نبات عشبي موطنه أوروبا، أزهاره بيضاء وصفراء، تفتح زهرة الأقحوان بتلاتها في الصباح وتغلقها ليلًا. تزرع للزينة، رمز للبراءة والفضول والبهجة.","Une plante herbacée originaire d'Europe,ses fleurs sont blanches et jaunes,le pissenlit ouvre ses pétales le matin et les ferme la nuit.Elle est cultivée pour l'ornement,symbole d'innocence,de curiosité et de joie.","A herbaceous plant native to Europe,its flowers are white and yellow,the daisy opens its petals in the morning and closes them at night.It is cultivated for ornament,a symbol of innocence, curiosity and joy."
phrase_hibicus1769511633,"زهرة حمراء زاهية تنمو في الأماكن الدافئة. تُزرع في إفريقيا وآسيا وتُحبّ المناخ الدافئ. ترمز إلى القوة والحيوية، ويُصنع منها شراب لذيذ.","Une fleur rouge vif qui pousse dans les endroits chauds.Elle est cultivée en Afrique et en Asie et aime le climat chaud.Elle symbolise la force et la vitalité,et un sirop délicieux est fabriqué à partir","A bright red flower that grows in warm places.It is cultivated in Africa and Asia and loves the warm climate.It symbolizes strength and vitality,and a delicious syrup is made from it."
phrase_lavender1769511834,"نبات عطريّ من منطقة البحر الأبيض المتوسط، تُستخدم أزهارها في صناعة الصابون والزيوت المعطّرة. تُعطّر الهواء برائحتها الهادئة والمريحة !","Une plante parfumée de la région méditerranéenne,ses fleurs sont utilisées dans la production de savon et d'huiles parfumées.Elle parfume l'air avec son parfum calme et apaisant!","A fragrant plant from the Mediterranean region,its flowers are used in the production of soap and perfumed oils.It fragrances the air with its calm and soothing scent!"
phrase_paperlily1769512513,"زهرة أنيقة تنمو قرب الماء وتحبّ الضوء! تعيش في المناطق المعتدلة، لها أزهار كبيرة بيضاء أو ملوّنة. تزرع في الحدائق وتستعمل أحيانًا للزينة في الاحتفالات.","Une fleur élégante qui pousse près de l'eau et qui aime la lumière!Elle vit dans les régions tempérées,a de grandes fleurs blanches ou colorées.Elle est plantée dans les jardins et est parfois utilisée pour la décoration lors des célébrations.","An elegant flower that grows near water and loves light!It lives in temperate regions,has large white or colored flowers.It is planted in gardens and sometimes used for decoration in celebrations."
phrase_dahlia1769512668,"نبات موطنه المكسيك، أزهارها ضخمة ومتنوّعة الألوان. تنمو زهرة الأَضَالِيَة في الجبال والحدائق، أصبحت رمزًا للحدائق الصيفيّة وتستعمل في مسابقات الزهور.","Une plante originaire du Mexique,ses fleurs sont grandes et variées en couleur.La fleur de Dahlia pousse dans les montagnes et les jardins,est devenue un symbole des jardins d'été et est utilisée dans les concours de fleurs.","A plant native to Mexico,its flowers are large and varied in color.The Dahlia flower grows in mountains and gardens,has become a symbol of summer gardens and is used in flower competitions."
phrase_peony1769513220,"نبات معمّر موطنه الصين، يُزرع لجمال أزهاره الكبيرة التي تشبه الغيوم الوردية!  يُستعمل في الزينة وبعض الطبّ التقليدي الآسيوي.","Une plante vivace originaire de Chine,cultivée pour ses grandes fleurs roses en forme de nuages!Elle est utilisée pour l'ornementation et certains médicaments traditionnels asiatiques.","A perennial plant native to China,cultivated for its large,cloud-like pink flowers!It is used for ornamentation and some traditionalAsian medicine."
phrase_orchid1769513401,"واحدة من أضخم عائلات النباتات، فيها آلاف الأنواع. نادرة وفاخرة وتنمو في الغابات الرطبة والاستوائية وتتميّز بأشكالها الغريبة والمميّزة. رمز للجمال والرقيّ والتميّز الفريد.","L'une des plus grandes familles de plantes,avec des milliers d'espèces.Rare et luxueux,il pousse dans les forêts humides et tropicales et se caractérise par ses formes étranges et distinctives. Un symbole de beauté,d'élégance et de distinction unique.","One of the largest plant families,with thousands of species.Rare and luxurious,it grows in humid and tropical forests and is characterized by its strange and distinctive shapes.A symbol of beauty,elegance,and unique distinction."
sunflower_123456,"دوّار الشمس","Tournesol","Sunflower"
tulip_147258,"التوليب","Tulipe","Tulip"
rose_258369,"الوردة","Rose","Rose"
daisy_874965,"الأقحوان","Marguerite","Daisy"
hibicus_212236,"الخَطْمِيّ","Hibiscus","Hibiscus"
lavender_598325,"الخُزامَى","Lavande","Lavender"
lily_471779,"الزنبق","Lys","Lily"
peony_665588,"عود الصليب","Pivoine","Peony"
dahlia_003636,"الأَضَالِيَةُ","Dahlia","Dahlia"
orchid_585565,"السحلبية","Orchidée","Orchid"
phrase_1769672940,"مرحبا يا أبطال!","Bonjour héros!","Hello heroes!"
phrase_1769679939,"اختر الفئات المفضلة لطفلك","Choisissez les catégories préférées de votre enfant","Choose your child's favorite categories"
phrase_1769680057,"من أين نبدأ مغامرة طفلك في فريد؟","Où commençons-nous l'aventure de votre enfant à Ferid?","Where do we start your child's adventure in Ferid?"
phrase_1769680244,"الدراسة","Étudier","Studying"
phrase_1769680270,"تنمية الذّكاءات","Intelligences","Intelligences"
phrase_1769680277,"المطالعة","Lecture","Reading"
phrase_1769680288,"التنوع","Diversité","Diversity"
phrase_1769680341,"اللّعب","Jouer","Playing"
phrase_1769681308,"الكرتون","Vidéos","Videos"
phrase_1769687611,"أدر العجلة","Tourner la roue","Turn the wheel"

please_wait_remaining_time_63841,"الرّجاء انتظار الوقت المتبقّي","Veuillez attendre le temps restant","Please wait for the remaining time"
free_game_one_day_92754,"يمكنك التمتّع بهذه الّلعبة ليوم كامل مجّانا.\nستجدها في القائمة الرّئيسيّة","Vous pouvez profiter de ce jeu gratuitement pendant une journée entière.\nVous le trouverez dans le menu principal","You can enjoy this game for a full day for free.\nYou’ll find it in the main menu"
congrats_free_game_34127,"تهانينا! لقد ربحت لعبة مجّانيّة","Félicitations!Vous avez gagné un jeu gratuit","Congratulations!You won a free game"
free_story_one_day_58291,"يمكنك التمتّع بهذه القصّة ليوم كامل مجّانا. ستجدها في القائمة الرّئيسيّة","Vous pouvez profiter de cette histoire gratuitement pendant une journée entière. Vous la trouverez dans le menu principal","You can enjoy this story for a full day for free. You’ll find it in the main menu"
congrats_free_story_77420,"تهانينا! لقد ربحت قصّة مجّانيّة","Félicitations! Vous avez gagné une histoire gratuite","Congratulations! You won a free story"
three_days_premium_91834,"يمكنك الاستمتاع بثلاثة أيّام متواصلة من المحتويات المميّزة لفريد","Vous pouvez profiter de trois jours consécutifs de contenus premium de Ferid","You can enjoy three consecutive days of Ferid’s premium content"
congrats_three_days_66519,"تهانينا! لقد ربحت اشتراك ثلاثة أيّام","Félicitations!Vous avez gagné un abonnement de trois jours","Congratulations! You won a three-day subscription"
one_week_premium_44082,"يمكنك الاستمتاع بأسبوع كامل متواصل من المحتويات المميّزة لفريد","Vous pouvez profiter d’une semaine entière de contenus premium de Ferid","You can enjoy a full week of Ferid’s premium content"
congrats_seven_days_30956,"تهانينا! لقد ربحت اشتراك سبعة أيّام","Félicitations!Vous avez gagné un abonnement de sept jours","Congratulations! You won a seven-day subscription"
one_day_premium_28741,"يمكنك الاستمتاع بيوم كامل متواصل من المحتويات المميّزة لفريد","Vous pouvez profiter d’une journée entière de contenus premium de Ferid","You can enjoy a full day of Ferid’s premium content"
congrats_daily_sub_95418,"تهانينا! لقد ربحت اشتراكاً يوميّاً","Félicitations ! Vous avez gagné un abonnement journalier","Congratulations! You won a daily subscription"
better_luck_short_62035,"حظاً أفضل في المرّة القادمة","Dommage","Better luck"
congrats_three_months_18394,"تهانينا! لقد ربحت تمديداً بثلاثة أشهر","Félicitations ! Vous avez gagné une extension de trois mois","Congratulations! You won a three-month extension"
sub_extended_three_months_57126,"اشتراكك المميّز قد تمدّد بثلاثة أشهر إضافيّة","Votre abonnement premium a été prolongé de trois mois supplémentaires","Your premium subscription has been extended by three additional months"
congrats_one_year_84620,"تهانينا! لقد ربحت تمديداً بسنة كاملة","Félicitations ! Vous avez gagné une extension d’un an","Congratulations! You won a one-year extension"
sub_extended_one_year_49275,"اشتراكك المميّز قد تمدّد بسنة إضافيّة كاملة","Votre abonnement premium a été prolongé d’une année complète supplémentaire","Your premium subscription has been extended by a full additional year"
congrats_special_decor_71048,"تهانينا! لقد ربحت ديكوراً خاصّاً","Félicitations ! Vous avez gagné un décor spécial","Congratulations! You won a special decoration"
congrats_extra_thunder_36819,"تهانينا! لقد ربحت رعوداً إضافيّة","Félicitations ! Vous avez gagné des tonnerres supplémentaires","Congratulations! You won extra thunder"
grand_prize_info_99041,"صندوق فريد هي الجائزة الكبرى، الرّجاء الاتّصال بمركز الفريد لتتحصّل على جائزتك","Le coffre Ferid est le grand prix, veuillez contacter le centre Ferid pour récupérer votre récompense","The Ferid box is the grand prize. Please contact the Ferid center to receive your reward"
congrats_grand_prize_55403,"تهانينا! لقد ربحت الجائزة الكبرى!","Félicitations ! Vous avez gagné le grand prix !","Congratulations! You won the grand prize!"
useful_fact_23188,"معلومة مفيدة","Information utile","Useful fact"
extra_thunder_67952,"رعد إضافي","Tonnerre supplémentaire","Extra thunder"
longer_play_time_81547,"يمكنك التمتّع بالألعاب لفترة أطول","Vous pouvez profiter des jeux plus longtemps","You can enjoy the games for a longer time"
special_decor_label_40296,"ديكور خاص","Décor spécial","Special decoration"
menu_background_change_76014,"ستجد خلفيّة القائمة الرّئيسيّة مختلفة عن العادة","Vous trouverez l’arrière-plan du menu principal différent de l’habitude","You’ll find the main menu background different from usual"

phrase_1770115954,"جاري التّحميل","Chargement en cours","Loading"
phrase_1770205552,"سنوات","années","years"
phrase_1770205837,"تحميل","Télécharger","Download"
phrase_1770205892,"هيا بنا!","Allons-y!","Let's go!"
phrase_1770206059,"حذف","Supprimer","Delete"
phrase_1770364727,"ألعاب","Jeux","Games"

musical_intelligence_47291,"الذكاء الموسيقي","Intelligence musicale","Musical intelligence"
spatial_intelligence_61538,"الذكاء المكاني","Intelligence spatiale","Spatial intelligence"
bodily_kinesthetic_intelligence_83924,"الذكاء الحركي","Intelligence kinesthésique","Bodily-kinesthetic intelligence"
naturalistic_intelligence_29475,"الذكاء الطبيعي","Intelligence  naturaliste","Naturalistic  intelligence"
social_intelligence_56183,"الذكاء الاجتماعي","Intelligence sociale","Social intelligence"
linguistic_intelligence_70842,"الذكاء اللغوي","Intelligence linguistique","Linguistic intelligence"
logical_mathematical_intelligence_93651,"الذكاء المنطقي الرياضي","Intelligence logico-mathématique","Logical-mathematical intelligence"
intrapersonal_intelligence_18467,"الذكاء الذّاتي","Intelligence intrapersonnelle","Intrapersonal intelligence"
multiple_intelligences_65029,"الذكائات المتنوّعة","Intelligences multiples","Multiple intelligences"

Ferid_among_civilizations_72841,"فريد بين الحضارات","Ferid à travers les civilisations","Ferid among civilizations"
islamic_stories_53928,"قصص إسلاميّة","Histoires islamiques","Islamic stories"
Ferid_tales_61475,"حكايات فريد","Contes de Ferid","Ferid tales"


phrase_1773132203,"وَصَل فَهْدٌ إلَى اُلْوَرْشَة وَفِي حَوْزَتِه كُلّ اُلْمُعِدَّاتِ الَّتِي يَحْتَاجُهَا . وَفِي انْتِظَار الْتِحَاق فَرِيد بِه ، ذَهَب لِيَبْحَثَ عَنْ مُدَوَّنَتِه ، فَهِي تَحْتَوِي عَلَى كَلِمَةِ آلسِّرّ الَّتِي سَيَسْتَعْمِلُهَا فِي فَتْحِ خَزْنَتِهِ اَلْخَاصَّةِ . ","Fahd est arrivé à l'atelier avec tout l'équipement dont il avait besoin en sa possession. En attendant que Ferid le rejoigne, il est allé chercher son carnet, qui contenait le mot secret qu'il utiliserait pour ouvrir son trésor privé.","Fahd arrived at the workshop with all the equipment he needed in his possession. While waiting for Ferid to join him, he went to look for his notebook, which contained the secret word he would use to open his private treasury."
phrase_1773132208,"فَفَهْدٌ ، وَإِنْ كَانَ كَثِيرَ الْحَرَكَةِ وَالنَّشَاط ، دائماً مَا يُدَوَّنُ الأرْقَام آلسِّرِّيَّة لِأَوْقَات الشِّدَّةِ كَمَا هُوَ الْحَالُ الْيَوْمَ ، فَهُو يَحْتَاجُ إِلَى فَتْحِ الْخَزَنَة لِلِإِطِّلَاعِ عَلَى الْكَمِّيَّات آللَّازِمَةِ مِنْ كُلِّ مُكَوِّنٍ لِصُنْع الْمِفْتَاح لِفَرِيد . فَقِطَعُ الْمَرَكَبَة فَرِيدَةٌ مِنْ نَوْعِهَا وَصُنْعَهَا يَتَطَلَّبُ الْعَوْدَةِ إلَى آلدَّلِيل لِضَمَانِ آلتَّطَابُق مَع الْمُحَرِّك . ","Alors Fahd, bien qu'il soit très actif et dynamique, enregistre toujours les numéros secrets pour les périodes de difficulté, comme c'est le cas aujourd'hui, il a donc besoin d'ouvrir le trésor pour découvrir les quantités requises de chaque composant pour fabriquer la clé pour Ferid. Les pièces du véhicule sont uniques en leur type et leur fabrication, ce qui nécessite un retour au guide pour assurer la compatibilité avec le moteur.","So Fahd, although very active and dynamic, always records the secret numbers for times of hardship, as is the case today, so he needs to open the treasury to find out the required quantities of each component to make the key for Ferid. The parts of the vehicle are unique in their type and manufacture, requiring a return to the guide to ensure compatibility with the engine."
phrase_1773132214,"الْتَحَق فَرِيدٌ بِفَهْدٍ فَوَجَدَهُ مُتَوَتِّرًا وَ مُشَتَّتَ الذِّهْنِ  ، وَقَدْ قَيَّدَ اَلْخَوْف أقْدامه وعَطَّلَ حَرَكَته فَسَأَلَهُ مُسْتَغْرِبَاً : ' مَا الَّذِي حَدَثَ ؟ مَا لِي أَرَاكَ هَكَذَاَ ؟ '","Ferid a rejoint Fahd et l'a trouvé nerveux et distrait, car la peur avait lié ses pieds et paralysé son mouvement, il lui a donc demandé avec étonnement : 'Qu'est-ce qui s'est passé ? Pourquoi te vois-je comme ça ?'","Ferid joined Fahd and found him nervous and distracted, as fear had tied his feet and paralyzed his movement, so he asked him in astonishment: 'What happened? Why do I see you like this?'"
phrase_1773132226,"تَفاجَأ فَرِيد مِمَّا سَمِع فَرَبَتَ عَلَى كَتِفِ فَهْد وَقَالَ أنه لَم يَعْهَدُهُ هَكَذَا ,  يَضْرِب كَفاً بكفٍ وَيَسْتَسْلِمُ ِعِنْدَ أَوَّلِ عَقَبَةٍ ,  فَدَعَاهُ  للبَحْثِ  عَنْ الْمُدَوَّنَةِ مَعًا .","Ferid fut surpris de ce qu'il entendit, il tapa donc sur l'épaule de Fahd et dit qu'il ne l'avait jamais vu comme ça, frappant son poing et se rendant au premier obstacle, il l'invita donc à rechercher le matériel enregistré ensemble.","Ferid was surprised at what he heard, so he tapped Fahd's shoulder and said that he had never seen him like this, hitting his fist and surrendering at the first obstacle, so he invited him to search for the recorded material together."
phrase_1773132385,"شَجَّعَ فَرِيدٌ صًدِيقَهُ عَلَى إعَادَةِ الْبَحْث وَانْطَلَق كُلٍّ مِنْهُمَا يُبْحَثُ مِنْ جِهَتِهِ عَلَى أَمَلِ إيجَادِ الْمُدَوَّنَةِ .","Ferid encourage son ami à refaire la recherche et chacun d'eux partit pour chercher de son côté dans l'espoir de trouver le cahier.","Ferid encouraged his friend to redo the search and each of them went to search from his side in the hope of finding the notebook."
phrase_1773132414,"وَمَرَّتْ سَاعَاتٌ مِنَ الْبَحْث كَأَنَّهَا دَقَائِقٌ وفجأةً صَاحَ فَهْدٌ : 'لقد وَجَدْتهَا ! لَا أُصَدِّقُ إنَّنِي وَضَعْتُهَا هُنَا ! هَيَّا يَا فَرِيد لِنَفْتَحْ الْخَزْنَة و نَبْدَأ فِي صُنْعِ قِطْعَةِ الْمُحَرِّك ! '","Et les heures de recherche sont passées comme des minutes, et soudain Fahd s'est écrié : 'Je l'ai trouvé ! Je ne crois pas que je l'aie mise ici ! Allons, Ferid, ouvrons le magasin et commençons à fabriquer la pièce du moteur !'","And the hours of searching passed like minutes, and suddenly Fahd exclaimed: 'I found it! I don't believe I put it here! Come on, Ferid, let's open the store and start making the engine piece!'"
phrase_1773132435,"اِنْبَسَطَت أَسَارِير وَجْه فَرِيدٍ وَتَحَمَّسَ لِبَدْءِ الصُّنْع . و اِشْتَعَلَت نَظَرَاتُ عَيْنَيْه بِفَرْحَةٍ نَاطِقَةٍ عِنْدَمَا أَحَسَّ أَنَّهُ سَيَعُودُ إلَى الطَّرِيقِ قريباً وَيُكْمِل مُهِمَّتَه. مَا أَرْوَع لَحَظَاتِ الْفَرَحِ إنّها كَالْغَيْثِ النَّافِعِ تَنْزِلُ عَلَى الصَّحْرَاءِ وَأَعْمَاقِهَا الْعَطْشَى  فتزهر كُلّ مِسَاحَاتِهَا","Les sourires d'un visage unique se sont élargis et sont devenus enthousiastes à l'idée de commencer le travail. Ses vues de l'œil se sont enflammées d'une joie éloquente lorsqu'il a senti qu'il allait bientôt retourner sur la route et compléter sa tâche. Quelles moments de joie sont awesomes, ils sont comme la pluie bénéfique tombant sur le désert et ses profondeurs assoiffées, donc toutes ses zones fleurissent.","The smiles of a unique face widened and became enthusiastic about starting work. His eye views ignited with eloquent joy when he felt that he would soon return to the road and complete his task. How awesome are the moments of joy, they are like beneficial rain falling on the desert and its thirsty depths, so all its areas bloom."
phrase_1773132492,"الصّفحة","Page","Page"
phrase_1775119392,"حكايات","Histoires","Stories"
main_page_phrase_1773132492,"الصفحة الرئيسية","Page principale","Main Page"

phrase_1776346134,"خروج","Sortie","Exit"
phrase_1776351069,"التصنيف","Classification","Classification"
phrase_1776351110,"نقاط الخبرة","Points d'expérience","Points of Experience"
phrase_1776351114,"إحصائيات الّلاعب","Statistiques du joueur","Player statistics"
phrase_1776351115,"أفضل نتيجة","Meilleur résultat","Best result"
phrase_1776351135,"جار التّحميل","Chargement","Loading"
phrase_1776351224,"المؤثرات الصوتية","Effets sonores","Sound effects"
phrase_1776351226,"الموسيقى","Musique","Music"
phrase_1776351229,"المستوى","Niveau","Level"
phrase_1776351234,"تهانينا! لقد وصلت إلى مستوى جديد","Félicitations,vous avez atteint un nouveau niveau","Congratulations,you've reached a new level"
phrase_1776355947,"أبحَثُ عَنْ هذَا العُنصر","cherchez cet élément","Look for this element"
phrase_1776356967,"إعادة","ReJouer","Restart"
phrase_1776356971,"حاول مجدداً","Essayez à nouveau","Try again"
phrase_1776357061,"لقد أنهيت المستوى","Vous avez terminé le niveau","You have finished the level"
phrase_1776357144,"النّتيجة","Résultat","Result"
phrase_1776357182,"تهانينا! لقد فتحت الوضع اّلانهائي","Félicitations,vous avez débloqué le mode infini","Congratulations,you've unlocked the infinite mode"
phrase_1776357198,"الوضع اللانهائي","Mode infinie","Infinite Mode"
phrase_1776357242,"إكمال مغامرة","Compléter l'aventure","Complete the adventure"
phrase_1776357431,"المستوى التالي","Niveau suivant","Next level"
phrase_1776357434,"مؤثرات صوتية","Effets sonores","Sound effects"
phrase_1776357437,"المؤثرات الموسيقية","Effets musicaux","Musical effects"


phrase_58291374620,"ألمنيوم","Aluminium","Aluminum"
phrase_94720583641,"ألماس","Diamant","Diamond"
phrase_19374652085,"أوبال","Opale","Opal"
phrase_66592017438,"بلاتين","Platine","Platinum"
phrase_82017463952,"تنغستن","Tungstène","Tungsten"
phrase_37492056148,"توباز","Topaze","Topaz"
phrase_91827364520,"راديوم","Radium","Radium"
phrase_72635481902,"رصاص","Plomb","Lead"
phrase_56473829150,"منغنيز","Manganèse","Manganese"
phrase_83726194075,"بالاديوم","Palladium","Palladium"
phrase_10928374615,"بلاتينيوم","Platine","Platinum"
phrase_67281930465,"فاناديوم","Vanadium","Vanadium"
phrase_91820473651,"كروم","Chrome","Chromium"
phrase_48291037645,"كوبالت","Cobalt","Cobalt"
phrase_75019283674,"موليبدينوم","Molybdène","Molybdenum"
phrase_56192048367,"نيكل","Nickel","Nickel"
phrase_84920173654,"يورانيوم","Uranium","Uranium"
phrase_39018274655,"مغنيسيوم","Magnésium","Magnesium"
phrase_10293847566,"حديد","Fer","Iron"
phrase_65748392011,"ذهب","Or","Gold"
phrase_48392017564,"زمرد","Émeraude","Emerald"
phrase_92038475610,"زئبق","Mercure","Mercury"
phrase_56473820198,"زنك","Zinc","Zinc"
phrase_83720194652,"فضة","Argent","Silver"
phrase_19283746509,"نحاس","Cuivre","Copper"
phrase_91827364012,"ياقوت","Rubis","Ruby"

phrase_71590238461,"إنطلق!","Aller!","Go!"
phrase_1776857406,"إحفظ المقطوعة","Mémorisez la séquence","Memorize the sequence"
phrase_1776857413,"أعد تكرار المقطوعة","Répéter le verset","Repeat the verse"
phrase_1776857417,"واصل أحسنت!","Très bien!","Well done!"
phrase_1776857446,"الوضع الحر","Mode libre","Free mode"